year,code,level,name,parent,value
2010,1,1,Agriculture,GDP,82882
2011,1,1,Agriculture,GDP,88555
2012,1,1,Agriculture,GDP,89406
2013,1,1,Agriculture,GDP,91181
2014,1,1,Agriculture,GDP,93048
2015,1,1,Agriculture,GDP,94396
2016e,1,1,Agriculture,GDP,89509
2017p,1,1,Agriculture,GDP,95968
2010,1.1,2,Rubber,Agriculture,8823
2011,1.1,2,Rubber,Agriculture,9353
2012,1.1,2,Rubber,Agriculture,8614
2013,1.1,2,Rubber,Agriculture,7759
2014,1.1,2,Rubber,Agriculture,6288
2015,1.1,2,Rubber,Agriculture,6797
2016e,1.1,2,Rubber,Agriculture,6373
2017p,1.1,2,Rubber,Agriculture,6968
2010,1.2,2,Oil palm,Agriculture,37467
2011,1.2,2,Oil palm,Agriculture,41514
2012,1.2,2,Oil palm,Agriculture,41402
2013,1.2,2,Oil palm,Agriculture,42521
2014,1.2,2,Oil palm,Agriculture,43539
2015,1.2,2,Oil palm,Agriculture,44119
2016e,1.2,2,Oil palm,Agriculture,38538
2017p,1.2,2,Oil palm,Agriculture,44720
2010,1.3,2,Livestock,Agriculture,6962
2011,1.3,2,Livestock,Agriculture,7676
2012,1.3,2,Livestock,Agriculture,8315
2013,1.3,2,Livestock,Agriculture,9086
2014,1.3,2,Livestock,Agriculture,9806
2015,1.3,2,Livestock,Agriculture,10039
2016e,1.3,2,Livestock,Agriculture,10406
2017p,1.3,2,Livestock,Agriculture,10954
2010,1.3.1,3,Poultry,Livestock,4025
2011,1.3.1,3,Poultry,Livestock,4476
2012,1.3.1,3,Poultry,Livestock,4964
2013,1.3.1,3,Poultry,Livestock,5477
2014,1.3.1,3,Poultry,Livestock,6029
2015,1.3.1,3,Poultry,Livestock,6231
2016e,1.3.1,3,Poultry,Livestock,6500
2017p,1.3.1,3,Poultry,Livestock,6845
2010,1.3.2,3,Cattle,Livestock,822
2011,1.3.2,3,Cattle,Livestock,909
2012,1.3.2,3,Cattle,Livestock,890
2013,1.3.2,3,Cattle,Livestock,975
2014,1.3.2,3,Cattle,Livestock,996
2015,1.3.2,3,Cattle,Livestock,912
2016e,1.3.2,3,Cattle,Livestock,899
2017p,1.3.2,3,Cattle,Livestock,936
2010,1.3.3,3,Other livestocks,Livestock,2116
2011,1.3.3,3,Other livestocks,Livestock,2291
2012,1.3.3,3,Other livestocks,Livestock,2461
2013,1.3.3,3,Other livestocks,Livestock,2635
2014,1.3.3,3,Other livestocks,Livestock,2781
2015,1.3.3,3,Other livestocks,Livestock,2896
2016e,1.3.3,3,Other livestocks,Livestock,3007
2017p,1.3.3,3,Other livestocks,Livestock,3173
2010,1.4,2,Other agriculture,Agriculture,12100
2011,1.4,2,Other agriculture,Agriculture,12901
2012,1.4,2,Other agriculture,Agriculture,13879
2013,1.4,2,Other agriculture,Agriculture,15031
2014,1.4,2,Other agriculture,Agriculture,16247
2015,1.4,2,Other agriculture,Agriculture,16776
2016e,1.4,2,Other agriculture,Agriculture,17506
2017p,1.4,2,Other agriculture,Agriculture,17866
2010,1.4.1,3,Paddy,Other agriculture,1837
2011,1.4.1,3,Paddy,Other agriculture,1971
2012,1.4.1,3,Paddy,Other agriculture,2002
2013,1.4.1,3,Paddy,Other agriculture,2073
2014,1.4.1,3,Paddy,Other agriculture,2158
2015,1.4.1,3,Paddy,Other agriculture,2136
2016e,1.4.1,3,Paddy,Other agriculture,2176
2017p,1.4.1,3,Paddy,Other agriculture,2077
2010,1.4.2,3,Vegetables,Other agriculture,4341
2011,1.4.2,3,Vegetables,Other agriculture,4686
2012,1.4.2,3,Vegetables,Other agriculture,5159
2013,1.4.2,3,Vegetables,Other agriculture,5707
2014,1.4.2,3,Vegetables,Other agriculture,6152
2015,1.4.2,3,Vegetables,Other agriculture,6423
2016e,1.4.2,3,Vegetables,Other agriculture,6790
2017p,1.4.2,3,Vegetables,Other agriculture,7023
2010,1.4.3,3,Fruits,Other agriculture,2879
2011,1.4.3,3,Fruits,Other agriculture,3140
2012,1.4.3,3,Fruits,Other agriculture,3323
2013,1.4.3,3,Fruits,Other agriculture,3636
2014,1.4.3,3,Fruits,Other agriculture,3958
2015,1.4.3,3,Fruits,Other agriculture,4095
2016e,1.4.3,3,Fruits,Other agriculture,4273
2017p,1.4.3,3,Fruits,Other agriculture,4399
2010,1.4.4,3,Food crops,Other agriculture,2340
2011,1.4.4,3,Food crops,Other agriculture,2412
2012,1.4.4,3,Food crops,Other agriculture,2747
2013,1.4.4,3,Food crops,Other agriculture,2956
2014,1.4.4,3,Food crops,Other agriculture,3242
2015,1.4.4,3,Food crops,Other agriculture,3387
2016e,1.4.4,3,Food crops,Other agriculture,3513
2017p,1.4.4,3,Food crops,Other agriculture,3574
2010,1.4.5,3,Others,Other agriculture,703
2011,1.4.5,3,Others,Other agriculture,692
2012,1.4.5,3,Others,Other agriculture,648
2013,1.4.5,3,Others,Other agriculture,659
2014,1.4.5,3,Others,Other agriculture,738
2015,1.4.5,3,Others,Other agriculture,736
2016e,1.4.5,3,Others,Other agriculture,754
2017p,1.4.5,3,Others,Other agriculture,793
2010,1.5,2,Forestry and logging,Agriculture,8493
2011,1.5,2,Forestry and logging,Agriculture,7920
2012,1.5,2,Forestry and logging,Agriculture,7596
2013,1.5,2,Forestry and logging,Agriculture,7015
2014,1.5,2,Forestry and logging,Agriculture,7199
2015,1.5,2,Forestry and logging,Agriculture,6629
2016e,1.5,2,Forestry and logging,Agriculture,6433
2017p,1.5,2,Forestry and logging,Agriculture,5421
2010,1.6,2,Fishing,Agriculture,9036
2011,1.6,2,Fishing,Agriculture,9192
2012,1.6,2,Fishing,Agriculture,9601
2013,1.6,2,Fishing,Agriculture,9770
2014,1.6,2,Fishing,Agriculture,9969
2015,1.6,2,Fishing,Agriculture,10036
2016e,1.6,2,Fishing,Agriculture,10253
2017p,1.6,2,Fishing,Agriculture,10040
2010,1.6.1,3,Marine fishing,Fishing,5997
2011,1.6.1,3,Marine fishing,Fishing,6161
2012,1.6.1,3,Marine fishing,Fishing,6356
2013,1.6.1,3,Marine fishing,Fishing,6541
2014,1.6.1,3,Marine fishing,Fishing,6639
2015,1.6.1,3,Marine fishing,Fishing,6703
2016e,1.6.1,3,Marine fishing,Fishing,7016
2017p,1.6.1,3,Marine fishing,Fishing,6652
2010,1.6.2,3,Aquaculture,Fishing,3039
2011,1.6.2,3,Aquaculture,Fishing,3032
2012,1.6.2,3,Aquaculture,Fishing,3246
2013,1.6.2,3,Aquaculture,Fishing,3228
2014,1.6.2,3,Aquaculture,Fishing,3331
2015,1.6.2,3,Aquaculture,Fishing,3333
2016e,1.6.2,3,Aquaculture,Fishing,3237
2017p,1.6.2,3,Aquaculture,Fishing,3388
2010,2,1,Mining and quarrying,GDP,89793
2011,2,1,Mining and quarrying,GDP,85373
2012,2,1,Mining and quarrying,GDP,86751
2013,2,1,Mining and quarrying,GDP,87789
2014,2,1,Mining and quarrying,GDP,90707
2015,2,1,Mining and quarrying,GDP,95508
2016e,2,1,Mining and quarrying,GDP,97468
2017p,2,1,Mining and quarrying,GDP,98436
2010,2.1,2,Crude oil and condensate,Mining and quarrying,46171
2011,2.1,2,Crude oil and condensate,Mining and quarrying,41166
2012,2.1,2,Crude oil and condensate,Mining and quarrying,42134
2013,2.1,2,Crude oil and condensate,Mining and quarrying,40978
2014,2.1,2,Crude oil and condensate,Mining and quarrying,42997
2015,2.1,2,Crude oil and condensate,Mining and quarrying,47481
2016e,2.1,2,Crude oil and condensate,Mining and quarrying,47744
2017p,2.1,2,Crude oil and condensate,Mining and quarrying,46474
2010,2.2,2,Natural gas,Mining and quarrying,39969
2011,2.2,2,Natural gas,Mining and quarrying,40362
2012,2.2,2,Natural gas,Mining and quarrying,40099
2013,2.2,2,Natural gas,Mining and quarrying,41848
2014,2.2,2,Natural gas,Mining and quarrying,42243
2015,2.2,2,Natural gas,Mining and quarrying,41810
2016e,2.2,2,Natural gas,Mining and quarrying,43064
2017p,2.2,2,Natural gas,Mining and quarrying,44804
2010,2.3,2,Other mining & quarrying and supporting services,Mining and quarrying,3653
2011,2.3,2,Other mining & quarrying and supporting services,Mining and quarrying,3844
2012,2.3,2,Other mining & quarrying and supporting services,Mining and quarrying,4519
2013,2.3,2,Other mining & quarrying and supporting services,Mining and quarrying,4963
2014,2.3,2,Other mining & quarrying and supporting services,Mining and quarrying,5467
2015,2.3,2,Other mining & quarrying and supporting services,Mining and quarrying,6217
2016e,2.3,2,Other mining & quarrying and supporting services,Mining and quarrying,6660
2017p,2.3,2,Other mining & quarrying and supporting services,Mining and quarrying,7158
2010,3,1,Manufacturing,GDP,192493
2011,3,1,Manufacturing,GDP,202960
2012,3,1,Manufacturing,GDP,211921
2013,3,1,Manufacturing,GDP,219152
2014,3,1,Manufacturing,GDP,232527
2015,3,1,Manufacturing,GDP,243703
2016e,3,1,Manufacturing,GDP,254472
2017p,3,1,Manufacturing,GDP,269804
2010,3.1,2,Vegetable and animal oils & fats,Manufacturing,9012
2011,3.1,2,Vegetable and animal oils & fats,Manufacturing,10041
2012,3.1,2,Vegetable and animal oils & fats,Manufacturing,9722
2013,3.1,2,Vegetable and animal oils & fats,Manufacturing,10338
2014,3.1,2,Vegetable and animal oils & fats,Manufacturing,10972
2015,3.1,2,Vegetable and animal oils & fats,Manufacturing,10614
2016e,3.1,2,Vegetable and animal oils & fats,Manufacturing,10098
2017p,3.1,2,Vegetable and animal oils & fats,Manufacturing,11866
2010,3.2,2,Food processing,Manufacturing,8379
2011,3.2,2,Food processing,Manufacturing,8814
2012,3.2,2,Food processing,Manufacturing,9834
2013,3.2,2,Food processing,Manufacturing,10080
2014,3.2,2,Food processing,Manufacturing,10618
2015,3.2,2,Food processing,Manufacturing,10857
2016e,3.2,2,Food processing,Manufacturing,11810
2017p,3.2,2,Food processing,Manufacturing,12249
2010,3.3,2,Beverages,Manufacturing,3725
2011,3.3,2,Beverages,Manufacturing,4045
2012,3.3,2,Beverages,Manufacturing,3937
2013,3.3,2,Beverages,Manufacturing,3898
2014,3.3,2,Beverages,Manufacturing,4564
2015,3.3,2,Beverages,Manufacturing,5004
2016e,3.3,2,Beverages,Manufacturing,5471
2017p,3.3,2,Beverages,Manufacturing,5960
2010,3.4,2,Tobacco products,Manufacturing,3063
2011,3.4,2,Tobacco products,Manufacturing,3263
2012,3.4,2,Tobacco products,Manufacturing,3500
2013,3.4,2,Tobacco products,Manufacturing,3075
2014,3.4,2,Tobacco products,Manufacturing,3187
2015,3.4,2,Tobacco products,Manufacturing,3423
2016e,3.4,2,Tobacco products,Manufacturing,3515
2017p,3.4,2,Tobacco products,Manufacturing,3585
2010,3.5,2,Textile and wearing apparel,Manufacturing,3058
2011,3.5,2,Textile and wearing apparel,Manufacturing,3416
2012,3.5,2,Textile and wearing apparel,Manufacturing,3116
2013,3.5,2,Textile and wearing apparel,Manufacturing,3165
2014,3.5,2,Textile and wearing apparel,Manufacturing,3508
2015,3.5,2,Textile and wearing apparel,Manufacturing,3728
2016e,3.5,2,Textile and wearing apparel,Manufacturing,3949
2017p,3.5,2,Textile and wearing apparel,Manufacturing,4275
2010,3.6,2,Leather and related products,Manufacturing,259
2011,3.6,2,Leather and related products,Manufacturing,314
2012,3.6,2,Leather and related products,Manufacturing,329
2013,3.6,2,Leather and related products,Manufacturing,346
2014,3.6,2,Leather and related products,Manufacturing,376
2015,3.6,2,Leather and related products,Manufacturing,403
2016e,3.6,2,Leather and related products,Manufacturing,431
2017p,3.6,2,Leather and related products,Manufacturing,455
2010,3.7,2,Wood products,Manufacturing,4696
2011,3.7,2,Wood products,Manufacturing,4504
2012,3.7,2,Wood products,Manufacturing,4591
2013,3.7,2,Wood products,Manufacturing,4709
2014,3.7,2,Wood products,Manufacturing,5180
2015,3.7,2,Wood products,Manufacturing,5511
2016e,3.7,2,Wood products,Manufacturing,5798
2017p,3.7,2,Wood products,Manufacturing,6040
2010,3.8,2,Paper and paper products,Manufacturing,2463
2011,3.8,2,Paper and paper products,Manufacturing,2588
2012,3.8,2,Paper and paper products,Manufacturing,2726
2013,3.8,2,Paper and paper products,Manufacturing,2728
2014,3.8,2,Paper and paper products,Manufacturing,2717
2015,3.8,2,Paper and paper products,Manufacturing,2751
2016e,3.8,2,Paper and paper products,Manufacturing,2865
2017p,3.8,2,Paper and paper products,Manufacturing,2993
2010,3.9,2,Printing and reproduction of recorded media,Manufacturing,2284
2011,3.9,2,Printing and reproduction of recorded media,Manufacturing,2443
2012,3.9,2,Printing and reproduction of recorded media,Manufacturing,2484
2013,3.9,2,Printing and reproduction of recorded media,Manufacturing,2526
2014,3.9,2,Printing and reproduction of recorded media,Manufacturing,2839
2015,3.9,2,Printing and reproduction of recorded media,Manufacturing,3099
2016e,3.9,2,Printing and reproduction of recorded media,Manufacturing,3316
2017p,3.9,2,Printing and reproduction of recorded media,Manufacturing,3494
2010,3.10,2,Refined petroleum products,Manufacturing,28022
2011,3.10,2,Refined petroleum products,Manufacturing,29855
2012,3.10,2,Refined petroleum products,Manufacturing,31033
2013,3.10,2,Refined petroleum products,Manufacturing,29926
2014,3.10,2,Refined petroleum products,Manufacturing,30085
2015,3.10,2,Refined petroleum products,Manufacturing,30453
2016e,3.10,2,Refined petroleum products,Manufacturing,31482
2017p,3.10,2,Refined petroleum products,Manufacturing,32580
2010,3.11,2,Chemicals & chemical products and pharmaceutical products,Manufacturing,21043
2011,3.11,2,Chemicals & chemical products and pharmaceutical products,Manufacturing,22011
2012,3.11,2,Chemicals & chemical products and pharmaceutical products,Manufacturing,23432
2013,3.11,2,Chemicals & chemical products and pharmaceutical products,Manufacturing,23384
2014,3.11,2,Chemicals & chemical products and pharmaceutical products,Manufacturing,24086
2015,3.11,2,Chemicals & chemical products and pharmaceutical products,Manufacturing,25348
2016e,3.11,2,Chemicals & chemical products and pharmaceutical products,Manufacturing,26836
2017p,3.11,2,Chemicals & chemical products and pharmaceutical products,Manufacturing,28053
2010,3.12,2,Rubber products,Manufacturing,5645
2011,3.12,2,Rubber products,Manufacturing,6366
2012,3.12,2,Rubber products,Manufacturing,6513
2013,3.12,2,Rubber products,Manufacturing,7080
2014,3.12,2,Rubber products,Manufacturing,6866
2015,3.12,2,Rubber products,Manufacturing,7117
2016e,3.12,2,Rubber products,Manufacturing,7327
2017p,3.12,2,Rubber products,Manufacturing,7781
2010,3.13,2,Plastics products,Manufacturing,5871
2011,3.13,2,Plastics products,Manufacturing,7167
2012,3.13,2,Plastics products,Manufacturing,8093
2013,3.13,2,Plastics products,Manufacturing,8969
2014,3.13,2,Plastics products,Manufacturing,9465
2015,3.13,2,Plastics products,Manufacturing,9573
2016e,3.13,2,Plastics products,Manufacturing,10095
2017p,3.13,2,Plastics products,Manufacturing,10403
2010,3.14,2,Non-metallic mineral products,Manufacturing,6908
2011,3.14,2,Non-metallic mineral products,Manufacturing,8480
2012,3.14,2,Non-metallic mineral products,Manufacturing,8870
2013,3.14,2,Non-metallic mineral products,Manufacturing,8430
2014,3.14,2,Non-metallic mineral products,Manufacturing,9017
2015,3.14,2,Non-metallic mineral products,Manufacturing,9625
2016e,3.14,2,Non-metallic mineral products,Manufacturing,10153
2017p,3.14,2,Non-metallic mineral products,Manufacturing,10682
2010,3.15,2,Basic metals,Manufacturing,6407
2011,3.15,2,Basic metals,Manufacturing,6724
2012,3.15,2,Basic metals,Manufacturing,6236
2013,3.15,2,Basic metals,Manufacturing,6416
2014,3.15,2,Basic metals,Manufacturing,6549
2015,3.15,2,Basic metals,Manufacturing,6634
2016e,3.15,2,Basic metals,Manufacturing,6783
2017p,3.15,2,Basic metals,Manufacturing,7062
2010,3.16,2,Fabricated metal products,Manufacturing,8535
2011,3.16,2,Fabricated metal products,Manufacturing,10480
2012,3.16,2,Fabricated metal products,Manufacturing,12064
2013,3.16,2,Fabricated metal products,Manufacturing,13357
2014,3.16,2,Fabricated metal products,Manufacturing,13713
2015,3.16,2,Fabricated metal products,Manufacturing,14265
2016e,3.16,2,Fabricated metal products,Manufacturing,15027
2017p,3.16,2,Fabricated metal products,Manufacturing,15700
2010,3.17,2,Machinery and equipment,Manufacturing,5653
2011,3.17,2,Machinery and equipment,Manufacturing,6229
2012,3.17,2,Machinery and equipment,Manufacturing,6418
2013,3.17,2,Machinery and equipment,Manufacturing,6389
2014,3.17,2,Machinery and equipment,Manufacturing,6850
2015,3.17,2,Machinery and equipment,Manufacturing,7291
2016e,3.17,2,Machinery and equipment,Manufacturing,7616
2017p,3.17,2,Machinery and equipment,Manufacturing,8046
2010,3.18,2,Computers and peripheral equipment,Manufacturing,6146
2011,3.18,2,Computers and peripheral equipment,Manufacturing,4573
2012,3.18,2,Computers and peripheral equipment,Manufacturing,4278
2013,3.18,2,Computers and peripheral equipment,Manufacturing,4428
2014,3.18,2,Computers and peripheral equipment,Manufacturing,4526
2015,3.18,2,Computers and peripheral equipment,Manufacturing,4507
2016e,3.18,2,Computers and peripheral equipment,Manufacturing,4744
2017p,3.18,2,Computers and peripheral equipment,Manufacturing,4431
2010,3.19,2,Electrical equipment,Manufacturing,3406
2011,3.19,2,Electrical equipment,Manufacturing,3707
2012,3.19,2,Electrical equipment,Manufacturing,3813
2013,3.19,2,Electrical equipment,Manufacturing,3827
2014,3.19,2,Electrical equipment,Manufacturing,4047
2015,3.19,2,Electrical equipment,Manufacturing,4263
2016e,3.19,2,Electrical equipment,Manufacturing,4563
2017p,3.19,2,Electrical equipment,Manufacturing,4979
2010,3.20,2,"Electronic components & boards, communication equipment and consumer electronics",Manufacturing,33189
2011,3.20,2,"Electronic components & boards, communication equipment and consumer electronics",Manufacturing,33331
2012,3.20,2,"Electronic components & boards, communication equipment and consumer electronics",Manufacturing,34053
2013,3.20,2,"Electronic components & boards, communication equipment and consumer electronics",Manufacturing,36540
2014,3.20,2,"Electronic components & boards, communication equipment and consumer electronics",Manufacturing,41358
2015,3.20,2,"Electronic components & boards, communication equipment and consumer electronics",Manufacturing,45698
2016e,3.20,2,"Electronic components & boards, communication equipment and consumer electronics",Manufacturing,49239
2017p,3.20,2,"Electronic components & boards, communication equipment and consumer electronics",Manufacturing,54171
2010,3.21,2,"Manufacture of medical, precision & optical instrument, watches and clocks",Manufacturing,2741
2011,3.21,2,"Manufacture of medical, precision & optical instrument, watches and clocks",Manufacturing,2791
2012,3.21,2,"Manufacture of medical, precision & optical instrument, watches and clocks",Manufacturing,2823
2013,3.21,2,"Manufacture of medical, precision & optical instrument, watches and clocks",Manufacturing,3005
2014,3.21,2,"Manufacture of medical, precision & optical instrument, watches and clocks",Manufacturing,3061
2015,3.21,2,"Manufacture of medical, precision & optical instrument, watches and clocks",Manufacturing,3190
2016e,3.21,2,"Manufacture of medical, precision & optical instrument, watches and clocks",Manufacturing,3431
2017p,3.21,2,"Manufacture of medical, precision & optical instrument, watches and clocks",Manufacturing,3524
2010,3.22,2,Motor vehicles and transport equipment,Manufacturing,17889
2011,3.22,2,Motor vehicles and transport equipment,Manufacturing,17630
2012,3.22,2,Motor vehicles and transport equipment,Manufacturing,19560
2013,3.22,2,Motor vehicles and transport equipment,Manufacturing,22071
2014,3.22,2,Motor vehicles and transport equipment,Manufacturing,24455
2015,3.22,2,Motor vehicles and transport equipment,Manufacturing,25617
2016e,3.22,2,Motor vehicles and transport equipment,Manufacturing,24699
2017p,3.22,2,Motor vehicles and transport equipment,Manufacturing,25965
2010,3.23,2,Furniture,Manufacturing,2573
2011,3.23,2,Furniture,Manufacturing,2641
2012,3.23,2,Furniture,Manufacturing,2839
2013,3.23,2,Furniture,Manufacturing,2642
2014,3.23,2,Furniture,Manufacturing,2720
2015,3.23,2,Furniture,Manufacturing,2842
2016e,3.23,2,Furniture,Manufacturing,3115
2017p,3.23,2,Furniture,Manufacturing,3268
2010,3.24,2,Other manufacturing and repair & installation of machinery and equipment,Manufacturing,1524
2011,3.24,2,Other manufacturing and repair & installation of machinery and equipment,Manufacturing,1547
2012,3.24,2,Other manufacturing and repair & installation of machinery and equipment,Manufacturing,1655
2013,3.24,2,Other manufacturing and repair & installation of machinery and equipment,Manufacturing,1822
2014,3.24,2,Other manufacturing and repair & installation of machinery and equipment,Manufacturing,1766
2015,3.24,2,Other manufacturing and repair & installation of machinery and equipment,Manufacturing,1892
2016e,3.24,2,Other manufacturing and repair & installation of machinery and equipment,Manufacturing,2109
2017p,3.24,2,Other manufacturing and repair & installation of machinery and equipment,Manufacturing,2240
2010,4,1,Construction,GDP,28213
2011,4,1,Construction,GDP,29524
2012,4,1,Construction,GDP,34880
2013,4,1,Construction,GDP,38590
2014,4,1,Construction,GDP,43115
2015,4,1,Construction,GDP,46719
2016e,4,1,Construction,GDP,50197
2017p,4,1,Construction,GDP,53574
2010,4.1,2,Residential buildings,Construction,6344
2011,4.1,2,Residential buildings,Construction,7096
2012,4.1,2,Residential buildings,Construction,8599
2013,4.1,2,Residential buildings,Construction,9715
2014,4.1,2,Residential buildings,Construction,11584
2015,4.1,2,Residential buildings,Construction,12356
2016e,4.1,2,Residential buildings,Construction,13412
2017p,4.1,2,Residential buildings,Construction,13767
2010,4.2,2,Non-residential buildings,Construction,8337
2011,4.2,2,Non-residential buildings,Construction,8550
2012,4.2,2,Non-residential buildings,Construction,9548
2013,4.2,2,Non-residential buildings,Construction,10267
2014,4.2,2,Non-residential buildings,Construction,11627
2015,4.2,2,Non-residential buildings,Construction,12843
2016e,4.2,2,Non-residential buildings,Construction,12707
2017p,4.2,2,Non-residential buildings,Construction,12979
2010,4.3,2,Civil engineering,Construction,7914
2011,4.3,2,Civil engineering,Construction,7979
2012,4.3,2,Civil engineering,Construction,10244
2013,4.3,2,Civil engineering,Construction,11480
2014,4.3,2,Civil engineering,Construction,11825
2015,4.3,2,Civil engineering,Construction,12918
2016e,4.3,2,Civil engineering,Construction,14949
2017p,4.3,2,Civil engineering,Construction,17004
2010,4.4,2,Specialised construction activities,Construction,5619
2011,4.4,2,Specialised construction activities,Construction,5899
2012,4.4,2,Specialised construction activities,Construction,6489
2013,4.4,2,Specialised construction activities,Construction,7128
2014,4.4,2,Specialised construction activities,Construction,8079
2015,4.4,2,Specialised construction activities,Construction,8601
2016e,4.4,2,Specialised construction activities,Construction,9128
2017p,4.4,2,Specialised construction activities,Construction,9824
2010,5,1,Services,GDP,420382
2011,5,1,Services,GDP,449854
2012,5,1,Services,GDP,479300
2013,5,1,Services,GDP,507791
2014,5,1,Services,GDP,541412
2015,5,1,Services,GDP,569865
2016e,5,1,Services,GDP,602261
2017p,5,1,Services,GDP,639568
2010,5.1,2,Utilities,Services,22173
2011,5.1,2,Utilities,Services,23048
2012,5.1,2,Utilities,Services,24169
2013,5.1,2,Utilities,Services,25236
2014,5.1,2,Utilities,Services,26198
2015,5.1,2,Utilities,Services,27161
2016e,5.1,2,Utilities,Services,28618
2017p,5.1,2,Utilities,Services,29437
2010,5.1.1,3,Electricity and gas,Utilities,17701
2011,5.1.1,3,Electricity and gas,Utilities,18404
2012,5.1.1,3,Electricity and gas,Utilities,19331
2013,5.1.1,3,Electricity and gas,Utilities,20184
2014,5.1.1,3,Electricity and gas,Utilities,20905
2015,5.1.1,3,Electricity and gas,Utilities,21559
2016e,5.1.1,3,Electricity and gas,Utilities,22639
2017p,5.1.1,3,Electricity and gas,Utilities,23097
2010,5.1.2,3,"Water, sewerage and waste management",Utilities,4472
2011,5.1.2,3,"Water, sewerage and waste management",Utilities,4644
2012,5.1.2,3,"Water, sewerage and waste management",Utilities,4838
2013,5.1.2,3,"Water, sewerage and waste management",Utilities,5052
2014,5.1.2,3,"Water, sewerage and waste management",Utilities,5293
2015,5.1.2,3,"Water, sewerage and waste management",Utilities,5602
2016e,5.1.2,3,"Water, sewerage and waste management",Utilities,5979
2017p,5.1.2,3,"Water, sewerage and waste management",Utilities,6340
2010,5.2,2,Wholesale and retail trade,Services,112771
2011,5.2,2,Wholesale and retail trade,Services,120411
2012,5.2,2,Wholesale and retail trade,Services,125905
2013,5.2,2,Wholesale and retail trade,Services,133797
2014,5.2,2,Wholesale and retail trade,Services,145714
2015,5.2,2,Wholesale and retail trade,Services,155875
2016e,5.2,2,Wholesale and retail trade,Services,165692
2017p,5.2,2,Wholesale and retail trade,Services,177438
2010,5.2.1,3,Wholesale trade,Wholesale and retail trade,49457
2011,5.2.1,3,Wholesale trade,Wholesale and retail trade,53649
2012,5.2.1,3,Wholesale trade,Wholesale and retail trade,55392
2013,5.2.1,3,Wholesale trade,Wholesale and retail trade,58516
2014,5.2.1,3,Wholesale trade,Wholesale and retail trade,63570
2015,5.2.1,3,Wholesale trade,Wholesale and retail trade,69469
2016e,5.2.1,3,Wholesale trade,Wholesale and retail trade,75204
2017p,5.2.1,3,Wholesale trade,Wholesale and retail trade,80095
2010,5.2.2,3,Retail trade,Wholesale and retail trade,46503
2011,5.2.2,3,Retail trade,Wholesale and retail trade,49585
2012,5.2.2,3,Retail trade,Wholesale and retail trade,52533
2013,5.2.2,3,Retail trade,Wholesale and retail trade,56754
2014,5.2.2,3,Retail trade,Wholesale and retail trade,62399
2015,5.2.2,3,Retail trade,Wholesale and retail trade,65829
2016e,5.2.2,3,Retail trade,Wholesale and retail trade,70529
2017p,5.2.2,3,Retail trade,Wholesale and retail trade,77147
2010,5.2.3,3,Motor vehicles,Wholesale and retail trade,16811
2011,5.2.3,3,Motor vehicles,Wholesale and retail trade,17177
2012,5.2.3,3,Motor vehicles,Wholesale and retail trade,17980
2013,5.2.3,3,Motor vehicles,Wholesale and retail trade,18527
2014,5.2.3,3,Motor vehicles,Wholesale and retail trade,19745
2015,5.2.3,3,Motor vehicles,Wholesale and retail trade,20577
2016e,5.2.3,3,Motor vehicles,Wholesale and retail trade,19959
2017p,5.2.3,3,Motor vehicles,Wholesale and retail trade,20196
2010,5.3,2,Food & beverage and accommodation,Services,21863
2011,5.3,2,Food & beverage and accommodation,Services,23209
2012,5.3,2,Food & beverage and accommodation,Services,24502
2013,5.3,2,Food & beverage and accommodation,Services,25938
2014,5.3,2,Food & beverage and accommodation,Services,27619
2015,5.3,2,Food & beverage and accommodation,Services,29385
2016e,5.3,2,Food & beverage and accommodation,Services,31475
2017p,5.3,2,Food & beverage and accommodation,Services,33820
2010,5.3.1,3,Food and beverage,Food & beverage and accommodation,16309
2011,5.3.1,3,Food and beverage,Food & beverage and accommodation,17449
2012,5.3.1,3,Food and beverage,Food & beverage and accommodation,18575
2013,5.3.1,3,Food and beverage,Food & beverage and accommodation,19837
2014,5.3.1,3,Food and beverage,Food & beverage and accommodation,21306
2015,5.3.1,3,Food and beverage,Food & beverage and accommodation,22848
2016e,5.3.1,3,Food and beverage,Food & beverage and accommodation,24641
2017p,5.3.1,3,Food and beverage,Food & beverage and accommodation,26629
2010,5.3.2,3,Accommodation,Food & beverage and accommodation,5555
2011,5.3.2,3,Accommodation,Food & beverage and accommodation,5760
2012,5.3.2,3,Accommodation,Food & beverage and accommodation,5927
2013,5.3.2,3,Accommodation,Food & beverage and accommodation,6102
2014,5.3.2,3,Accommodation,Food & beverage and accommodation,6313
2015,5.3.2,3,Accommodation,Food & beverage and accommodation,6537
2016e,5.3.2,3,Accommodation,Food & beverage and accommodation,6834
2017p,5.3.2,3,Accommodation,Food & beverage and accommodation,7191
2010,5.4,2,Transportation and storage,Services,28998
2011,5.4,2,Transportation and storage,Services,30630
2012,5.4,2,Transportation and storage,Services,32089
2013,5.4,2,Transportation and storage,Services,33561
2014,5.4,2,Transportation and storage,Services,35359
2015,5.4,2,Transportation and storage,Services,37396
2016e,5.4,2,Transportation and storage,Services,39542
2017p,5.4,2,Transportation and storage,Services,41998
2010,5.4.1,3,Land transport,Transportation and storage,6675
2011,5.4.1,3,Land transport,Transportation and storage,7017
2012,5.4.1,3,Land transport,Transportation and storage,7395
2013,5.4.1,3,Land transport,Transportation and storage,7716
2014,5.4.1,3,Land transport,Transportation and storage,8182
2015,5.4.1,3,Land transport,Transportation and storage,8706
2016e,5.4.1,3,Land transport,Transportation and storage,9286
2017p,5.4.1,3,Land transport,Transportation and storage,9922
2010,5.4.2,3,Water transport,Transportation and storage,4816
2011,5.4.2,3,Water transport,Transportation and storage,5061
2012,5.4.2,3,Water transport,Transportation and storage,5185
2013,5.4.2,3,Water transport,Transportation and storage,5275
2014,5.4.2,3,Water transport,Transportation and storage,5162
2015,5.4.2,3,Water transport,Transportation and storage,5259
2016e,5.4.2,3,Water transport,Transportation and storage,5333
2017p,5.4.2,3,Water transport,Transportation and storage,5440
2010,5.4.3,3,Air transport,Transportation and storage,4220
2011,5.4.3,3,Air transport,Transportation and storage,4280
2012,5.4.3,3,Air transport,Transportation and storage,4317
2013,5.4.3,3,Air transport,Transportation and storage,4507
2014,5.4.3,3,Air transport,Transportation and storage,4694
2015,5.4.3,3,Air transport,Transportation and storage,4820
2016e,5.4.3,3,Air transport,Transportation and storage,4967
2017p,5.4.3,3,Air transport,Transportation and storage,5119
2010,5.4.4,3,Port and airport operation,Transportation and storage,3896
2011,5.4.4,3,Port and airport operation,Transportation and storage,4197
2012,5.4.4,3,Port and airport operation,Transportation and storage,4544
2013,5.4.4,3,Port and airport operation,Transportation and storage,4786
2014,5.4.4,3,Port and airport operation,Transportation and storage,5162
2015,5.4.4,3,Port and airport operation,Transportation and storage,5535
2016e,5.4.4,3,Port and airport operation,Transportation and storage,5930
2017p,5.4.4,3,Port and airport operation,Transportation and storage,6420
2010,5.4.5,3,Highway operation,Transportation and storage,4603
2011,5.4.5,3,Highway operation,Transportation and storage,5020
2012,5.4.5,3,Highway operation,Transportation and storage,5412
2013,5.4.5,3,Highway operation,Transportation and storage,5809
2014,5.4.5,3,Highway operation,Transportation and storage,6369
2015,5.4.5,3,Highway operation,Transportation and storage,6932
2016e,5.4.5,3,Highway operation,Transportation and storage,7524
2017p,5.4.5,3,Highway operation,Transportation and storage,8135
2010,5.4.6,3,Support activities for transportation,Transportation and storage,3527
2011,5.4.6,3,Support activities for transportation,Transportation and storage,3692
2012,5.4.6,3,Support activities for transportation,Transportation and storage,3897
2013,5.4.6,3,Support activities for transportation,Transportation and storage,4065
2014,5.4.6,3,Support activities for transportation,Transportation and storage,4305
2015,5.4.6,3,Support activities for transportation,Transportation and storage,4568
2016e,5.4.6,3,Support activities for transportation,Transportation and storage,4827
2017p,5.4.6,3,Support activities for transportation,Transportation and storage,5163
2010,5.4.7,3,Postal and courier,Transportation and storage,1261
2011,5.4.7,3,Postal and courier,Transportation and storage,1363
2012,5.4.7,3,Postal and courier,Transportation and storage,1340
2013,5.4.7,3,Postal and courier,Transportation and storage,1402
2014,5.4.7,3,Postal and courier,Transportation and storage,1485
2015,5.4.7,3,Postal and courier,Transportation and storage,1576
2016e,5.4.7,3,Postal and courier,Transportation and storage,1674
2017p,5.4.7,3,Postal and courier,Transportation and storage,1800
2010,5.5,2,Information and communication,Services,39513
2011,5.5,2,Information and communication,Services,42422
2012,5.5,2,Information and communication,Services,46185
2013,5.5,2,Information and communication,Services,50396
2014,5.5,2,Information and communication,Services,55415
2015,5.5,2,Information and communication,Services,60666
2016e,5.5,2,Information and communication,Services,65578
2017p,5.5,2,Information and communication,Services,71109
2010,5.5.1,3,Information,Information and communication,5423
2011,5.5.1,3,Information,Information and communication,5292
2012,5.5.1,3,Information,Information and communication,5629
2013,5.5.1,3,Information,Information and communication,5952
2014,5.5.1,3,Information,Information and communication,6335
2015,5.5.1,3,Information,Information and communication,6645
2016e,5.5.1,3,Information,Information and communication,6899
2017p,5.5.1,3,Information,Information and communication,7358
2010,5.5.2,3,Communication,Information and communication,26231
2011,5.5.2,3,Communication,Information and communication,28745
2012,5.5.2,3,Communication,Information and communication,31720
2013,5.5.2,3,Communication,Information and communication,35073
2014,5.5.2,3,Communication,Information and communication,38773
2015,5.5.2,3,Communication,Information and communication,42593
2016e,5.5.2,3,Communication,Information and communication,46549
2017p,5.5.2,3,Communication,Information and communication,50807
2010,5.5.3,3,Computer services,Information and communication,7859
2011,5.5.3,3,Computer services,Information and communication,8385
2012,5.5.3,3,Computer services,Information and communication,8836
2013,5.5.3,3,Computer services,Information and communication,9371
2014,5.5.3,3,Computer services,Information and communication,10307
2015,5.5.3,3,Computer services,Information and communication,11428
2016e,5.5.3,3,Computer services,Information and communication,12130
2017p,5.5.3,3,Computer services,Information and communication,12944
2010,5.6,2,Finance,Services,47685
2011,5.6,2,Finance,Services,50690
2012,5.6,2,Finance,Services,53372
2013,5.6,2,Finance,Services,54535
2014,5.6,2,Finance,Services,55504
2015,5.6,2,Finance,Services,55436
2016e,5.6,2,Finance,Services,56165
2017p,5.6,2,Finance,Services,58914
2010,5.6.1,3,Monetary intermediation,Finance,43420
2011,5.6.1,3,Monetary intermediation,Finance,46056
2012,5.6.1,3,Monetary intermediation,Finance,48249
2013,5.6.1,3,Monetary intermediation,Finance,49094
2014,5.6.1,3,Monetary intermediation,Finance,49698
2015,5.6.1,3,Monetary intermediation,Finance,49476
2016e,5.6.1,3,Monetary intermediation,Finance,50200
2017p,5.6.1,3,Monetary intermediation,Finance,52395
2010,5.6.2,3,Other financial intermediation and activities auxiliary to finance,Finance,4265
2011,5.6.2,3,Other financial intermediation and activities auxiliary to finance,Finance,4634
2012,5.6.2,3,Other financial intermediation and activities auxiliary to finance,Finance,5123
2013,5.6.2,3,Other financial intermediation and activities auxiliary to finance,Finance,5441
2014,5.6.2,3,Other financial intermediation and activities auxiliary to finance,Finance,5805
2015,5.6.2,3,Other financial intermediation and activities auxiliary to finance,Finance,5960
2016e,5.6.2,3,Other financial intermediation and activities auxiliary to finance,Finance,5965
2017p,5.6.2,3,Other financial intermediation and activities auxiliary to finance,Finance,6519
2010,5.7,2,Insurance,Services,13893
2011,5.7,2,Insurance,Services,15092
2012,5.7,2,Insurance,Services,17512
2013,5.7,2,Insurance,Services,17783
2014,5.7,2,Insurance,Services,18496
2015,5.7,2,Insurance,Services,18183
2016e,5.7,2,Insurance,Services,19374
2017p,5.7,2,Insurance,Services,20095
2010,5.7.1,3,Insurance and pension funding,Insurance,13509
2011,5.7.1,3,Insurance and pension funding,Insurance,14663
2012,5.7.1,3,Insurance and pension funding,Insurance,17057
2013,5.7.1,3,Insurance and pension funding,Insurance,17299
2014,5.7.1,3,Insurance and pension funding,Insurance,18013
2015,5.7.1,3,Insurance and pension funding,Insurance,17685
2016e,5.7.1,3,Insurance and pension funding,Insurance,18862
2017p,5.7.1,3,Insurance and pension funding,Insurance,19548
2010,5.7.2,3,Activities auxiliary to insurance,Insurance,384
2011,5.7.2,3,Activities auxiliary to insurance,Insurance,429
2012,5.7.2,3,Activities auxiliary to insurance,Insurance,455
2013,5.7.2,3,Activities auxiliary to insurance,Insurance,484
2014,5.7.2,3,Activities auxiliary to insurance,Insurance,483
2015,5.7.2,3,Activities auxiliary to insurance,Insurance,498
2016e,5.7.2,3,Activities auxiliary to insurance,Insurance,512
2017p,5.7.2,3,Activities auxiliary to insurance,Insurance,547
2010,5.8,2,Real estate,Services,11797
2011,5.8,2,Real estate,Services,12299
2012,5.8,2,Real estate,Services,12917
2013,5.8,2,Real estate,Services,13592
2014,5.8,2,Real estate,Services,14374
2015,5.8,2,Real estate,Services,15061
2016e,5.8,2,Real estate,Services,15788
2017p,5.8,2,Real estate,Services,16556
2010,5.9,2,Business services,Services,20564
2011,5.9,2,Business services,Services,21949
2012,5.9,2,Business services,Services,23914
2013,5.9,2,Business services,Services,26195
2014,5.9,2,Business services,Services,28594
2015,5.9,2,Business services,Services,30719
2016e,5.9,2,Business services,Services,33143
2017p,5.9,2,Business services,Services,36000
2010,5.9.1,3,"Professional, scientific and technical",Business services,13679
2011,5.9.1,3,"Professional, scientific and technical",Business services,14640
2012,5.9.1,3,"Professional, scientific and technical",Business services,16185
2013,5.9.1,3,"Professional, scientific and technical",Business services,17854
2014,5.9.1,3,"Professional, scientific and technical",Business services,19417
2015,5.9.1,3,"Professional, scientific and technical",Business services,20885
2016e,5.9.1,3,"Professional, scientific and technical",Business services,22616
2017p,5.9.1,3,"Professional, scientific and technical",Business services,24724
2010,5.9.2,3,Administrative and support services,Business services,6885
2011,5.9.2,3,Administrative and support services,Business services,7310
2012,5.9.2,3,Administrative and support services,Business services,7730
2013,5.9.2,3,Administrative and support services,Business services,8340
2014,5.9.2,3,Administrative and support services,Business services,9177
2015,5.9.2,3,Administrative and support services,Business services,9834
2016e,5.9.2,3,Administrative and support services,Business services,10527
2017p,5.9.2,3,Administrative and support services,Business services,11275
2010,5.10,2,Owner occupied dwelling,Services,16034
2011,5.10,2,Owner occupied dwelling,Services,16435
2012,5.10,2,Owner occupied dwelling,Services,16718
2013,5.10,2,Owner occupied dwelling,Services,17320
2014,5.10,2,Owner occupied dwelling,Services,17998
2015,5.10,2,Owner occupied dwelling,Services,18788
2016e,5.10,2,Owner occupied dwelling,Services,19660
2017p,5.10,2,Owner occupied dwelling,Services,20591
2010,5.11,2,"Community, social and personal services",Services,19686
2011,5.11,2,"Community, social and personal services",Services,21107
2012,5.11,2,"Community, social and personal services",Services,22550
2013,5.11,2,"Community, social and personal services",Services,24195
2014,5.11,2,"Community, social and personal services",Services,25558
2015,5.11,2,"Community, social and personal services",Services,26882
2016e,5.11,2,"Community, social and personal services",Services,28285
2017p,5.11,2,"Community, social and personal services",Services,29845
2010,5.11.1,3,Private health services,"Community, social and personal services",5263
2011,5.11.1,3,Private health services,"Community, social and personal services",5534
2012,5.11.1,3,Private health services,"Community, social and personal services",5860
2013,5.11.1,3,Private health services,"Community, social and personal services",6194
2014,5.11.1,3,Private health services,"Community, social and personal services",6524
2015,5.11.1,3,Private health services,"Community, social and personal services",6879
2016e,5.11.1,3,Private health services,"Community, social and personal services",7258
2017p,5.11.1,3,Private health services,"Community, social and personal services",7668
2010,5.11.2,3,Private education services,"Community, social and personal services",5906
2011,5.11.2,3,Private education services,"Community, social and personal services",6357
2012,5.11.2,3,Private education services,"Community, social and personal services",6853
2013,5.11.2,3,Private education services,"Community, social and personal services",7309
2014,5.11.2,3,Private education services,"Community, social and personal services",7839
2015,5.11.2,3,Private education services,"Community, social and personal services",8410
2016e,5.11.2,3,Private education services,"Community, social and personal services",8977
2017p,5.11.2,3,Private education services,"Community, social and personal services",9555
2010,5.11.3,3,Other private services,"Community, social and personal services",8517
2011,5.11.3,3,Other private services,"Community, social and personal services",9217
2012,5.11.3,3,Other private services,"Community, social and personal services",9837
2013,5.11.3,3,Other private services,"Community, social and personal services",10692
2014,5.11.3,3,Other private services,"Community, social and personal services",11195
2015,5.11.3,3,Other private services,"Community, social and personal services",11592
2016e,5.11.3,3,Other private services,"Community, social and personal services",12050
2017p,5.11.3,3,Other private services,"Community, social and personal services",12621
2010,5.12,2,Government services,Services,64359
2011,5.12,2,Government services,Services,71503
2012,5.12,2,Government services,Services,78397
2013,5.12,2,Government services,Services,84164
2014,5.12,2,Government services,Services,89490
2015,5.12,2,Government services,Services,93208
2016e,5.12,2,Government services,Services,97818
2017p,5.12,2,Government services,Services,102623
2010,5.12.1,3,General public services,Government services,7858
2011,5.12.1,3,General public services,Government services,8582
2012,5.12.1,3,General public services,Government services,8937
2013,5.12.1,3,General public services,Government services,10610
2014,5.12.1,3,General public services,Government services,12930
2015,5.12.1,3,General public services,Government services,15265
2016e,5.12.1,3,General public services,Government services,15730
2017p,5.12.1,3,General public services,Government services,16486
2010,5.12.2,3,Defence,Government services,6092
2011,5.12.2,3,Defence,Government services,6939
2012,5.12.2,3,Defence,Government services,7472
2013,5.12.2,3,Defence,Government services,7942
2014,5.12.2,3,Defence,Government services,8358
2015,5.12.2,3,Defence,Government services,8484
2016e,5.12.2,3,Defence,Government services,8762
2017p,5.12.2,3,Defence,Government services,9172
2010,5.12.3,3,Public order and safety,Government services,7013
2011,5.12.3,3,Public order and safety,Government services,8105
2012,5.12.3,3,Public order and safety,Government services,8836
2013,5.12.3,3,Public order and safety,Government services,9224
2014,5.12.3,3,Public order and safety,Government services,9655
2015,5.12.3,3,Public order and safety,Government services,9845
2016e,5.12.3,3,Public order and safety,Government services,9780
2017p,5.12.3,3,Public order and safety,Government services,10088
2010,5.12.4,3,Economic affairs,Government services,5537
2011,5.12.4,3,Economic affairs,Government services,5944
2012,5.12.4,3,Economic affairs,Government services,5960
2013,5.12.4,3,Economic affairs,Government services,6655
2014,5.12.4,3,Economic affairs,Government services,6785
2015,5.12.4,3,Economic affairs,Government services,7065
2016e,5.12.4,3,Economic affairs,Government services,7511
2017p,5.12.4,3,Economic affairs,Government services,7941
2010,5.12.5,3,Environmental protection,Government services,214
2011,5.12.5,3,Environmental protection,Government services,236
2012,5.12.5,3,Environmental protection,Government services,227
2013,5.12.5,3,Environmental protection,Government services,255
2014,5.12.5,3,Environmental protection,Government services,332
2015,5.12.5,3,Environmental protection,Government services,339
2016e,5.12.5,3,Environmental protection,Government services,347
2017p,5.12.5,3,Environmental protection,Government services,354
2010,5.12.6,3,Housing and community amenities,Government services,910
2011,5.12.6,3,Housing and community amenities,Government services,926
2012,5.12.6,3,Housing and community amenities,Government services,933
2013,5.12.6,3,Housing and community amenities,Government services,1092
2014,5.12.6,3,Housing and community amenities,Government services,1101
2015,5.12.6,3,Housing and community amenities,Government services,1126
2016e,5.12.6,3,Housing and community amenities,Government services,1353
2017p,5.12.6,3,Housing and community amenities,Government services,1490
2010,5.12.7,3,Health,Government services,8485
2011,5.12.7,3,Health,Government services,9102
2012,5.12.7,3,Health,Government services,10566
2013,5.12.7,3,Health,Government services,11168
2014,5.12.7,3,Health,Government services,11988
2015,5.12.7,3,Health,Government services,12362
2016e,5.12.7,3,Health,Government services,13453
2017p,5.12.7,3,Health,Government services,14071
2010,5.12.8,3,"Recreation, culture and religion",Government services,990
2011,5.12.8,3,"Recreation, culture and religion",Government services,1037
2012,5.12.8,3,"Recreation, culture and religion",Government services,1207
2013,5.12.8,3,"Recreation, culture and religion",Government services,1547
2014,5.12.8,3,"Recreation, culture and religion",Government services,1291
2015,5.12.8,3,"Recreation, culture and religion",Government services,1361
2016e,5.12.8,3,"Recreation, culture and religion",Government services,1503
2017p,5.12.8,3,"Recreation, culture and religion",Government services,1551
2010,5.12.9,3,Education,Government services,26494
2011,5.12.9,3,Education,Government services,29818
2012,5.12.9,3,Education,Government services,33494
2013,5.12.9,3,Education,Government services,34874
2014,5.12.9,3,Education,Government services,36205
2015,5.12.9,3,Education,Government services,36553
2016e,5.12.9,3,Education,Government services,38588
2017p,5.12.9,3,Education,Government services,40686
2010,5.12.10,3,Social protection,Government services,765
2011,5.12.10,3,Social protection,Government services,813
2012,5.12.10,3,Social protection,Government services,766
2013,5.12.10,3,Social protection,Government services,796
2014,5.12.10,3,Social protection,Government services,846
2015,5.12.10,3,Social protection,Government services,810
2016e,5.12.10,3,Social protection,Government services,791
2017p,5.12.10,3,Social protection,Government services,783
2010,5.13,2,Non-profit institutions serving households,Services,114
2011,5.13,2,Non-profit institutions serving households,Services,115
2012,5.13,2,Non-profit institutions serving households,Services,118
2013,5.13,2,Non-profit institutions serving households,Services,121
2014,5.13,2,Non-profit institutions serving households,Services,124
2015,5.13,2,Non-profit institutions serving households,Services,132
2016e,5.13,2,Non-profit institutions serving households,Services,136
2017p,5.13,2,Non-profit institutions serving households,Services,140
2010,5.14,2,Domestic services of households,Services,933
2011,5.14,2,Domestic services of households,Services,943
2012,5.14,2,Domestic services of households,Services,951
2013,5.14,2,Domestic services of households,Services,960
2014,5.14,2,Domestic services of households,Services,968
2015,5.14,2,Domestic services of households,Services,974
2016e,5.14,2,Domestic services of households,Services,987
2017p,5.14,2,Domestic services of households,Services,1002
2010,6,1,plus Import duties,GDP,7672
2011,6,1,plus Import duties,GDP,8654
2012,6,1,plus Import duties,GDP,10004
2013,6,1,plus Import duties,GDP,10577
2014,6,1,plus Import duties,GDP,11639
2015,6,1,plus Import duties,GDP,13808
2016e,6,1,plus Import duties,GDP,15030
2017p,6,1,plus Import duties,GDP,16980
